RollNo,Name,Maths,Science,English,Percentage,Total
1,Amit,78,74,70,74.0,222
2,Ravi,85,80,82,82.33333333333334,247
3,Neha,92,95,88,91.66666666666666,275
4,Priya,88,90,85,87.66666666666667,263
5,Karan,76,72,68,72.0,216
