Name,Maths,Science,English,Total,Percentage
Amit,78,74,70,222,74.0
Ravi,85,80,82,247,82.33333333333334
Neha,92,95,88,275,91.66666666666666
Priya,88,90,85,263,87.66666666666667
