City,Avg_Temp,Max_Temp,Count,Std_Temp
Delhi,21.11111111111111,28.0,3,5.965952781626133
Mumbai,12.5,30.0,2,24.748737341529164
